{
	"format_version": "1.8.0",
	"animations": {
		"swim": {
			"loop": true,
			"animation_length": 2,
			"bones": {
				"bone3": {
					"rotation": {
						"0.0": [11.09, 3.31, -13.59],
						"0.5": [0, 0, 0],
						"1.5": [22.17203, 6.62733, -27.17951],
						"2.0": [11.09, 3.31, -13.59]
					}
				},
				"bone2": {
					"rotation": {
						"0.0": [13.13, 0, 16.88],
						"0.75": [0, 0, 0],
						"1.75": [17.5, 0, 22.5],
						"2.0": [13.13, 0, 16.88]
					}
				},
				"bone4": {
					"rotation": {
						"0.0": [-8.1, 3.51, 5.23],
						"0.25": [0, 0, 0],
						"1.25": [-32.39936, 14.02846, 20.9057],
						"2.0": [-8.1, 3.51, 5.23]
					}
				},
				"bone5": {
					"rotation": {
						"0.0": [-7.62, -2.97, -4.81],
						"0.25": [0, 0, 0],
						"1.25": [-30.48005, -11.86554, -19.25656],
						"2.0": [-7.62, -2.97, -4.81]
					}
				},
				"bone": {
					"rotation": {
						"0.0": [0, 0, 0],
						"1.0": [-12.5, 0, -17.5],
						"2.0": [0, 0, 0]
					}
				},
				"bone6": {
					"rotation": {
						"0.0": [0, 0, 0],
						"1.0": [26.55832, 7.00576, -16.06189],
						"2.0": [0, 0, 0]
					}
				},
				"bone7": {
					"rotation": {
						"0.0": [0, 0, 0],
						"1.0": [26.38172, -6.71771, 18.88172],
						"2.0": [0, 0, 0]
					}
				},
				"bone8": {
					"rotation": {
						"0.0": [0, 0, 0],
						"1.0": [-16.50371, 5.90316, 19.14314],
						"2.0": [0, 0, 0]
					}
				},
				"bone9": {
					"position": {
						"0.0": [0, 0, 0],
						"1.0": [0, 1, 0],
						"2.0": [0, 0, 0]
					}
				}
			}
		},
		"walk": {
			"loop": true,
			"animation_length": 4,
			"bones": {
				"bone3": {
					"rotation": {
						"0.0": [13.29, 11.9, -16.53],
						"1.0": [0, 0, 0],
						"2.5": [25.41939, 15.16732, -13.21002],
						"3.5": [19.93075, 17.84584, -24.79496],
						"4.0": [13.29, 11.9, -16.53]
					}
				},
				"bone8": {
					"rotation": {
						"0.0": [-14.37006, 5.07855, 14.13272],
						"0.875": [0, 0, 0],
						"2.0": [0, 0, 0],
						"2.7917": [-22.01816, -4.75113, 18.42482],
						"4.0": [-14.37006, 5.07855, 14.13272]
					}
				},
				"bone2": {
					"rotation": {
						"0.0": [0, 0, 0],
						"1.5": [22.5, 0, 32.5],
						"2.5": [24.81197, -3.1622, 26.80423],
						"4.0": [0, 0, 0]
					}
				},
				"bone": {
					"rotation": {
						"1.0": [0, 0, 0],
						"1.6667": [-14.13272, -5.07855, -19.37006],
						"2.7083": [-26.56505, -14.47751, -26.56505],
						"3.5": [0, 0, 0]
					}
				},
				"bone4": {
					"rotation": {
						"0.0": [0, 0, 0],
						"1.5": [-32.39936, 14.02846, 20.9057],
						"2.5": [-38.83915, 6.18846, 16.63177],
						"4.0": [0, 0, 0]
					}
				},
				"bone6": {
					"rotation": {
						"1.25": [0, 0, 0],
						"1.8333": [14.51082, 3.84097, -14.51082],
						"2.75": [26.69458, 6.86379, -13.36965],
						"3.9167": [0, 0, 0]
					}
				},
				"bone5": {
					"rotation": {
						"0.0": [-11.24, -7.13, -6.54],
						"0.5": [0, 0, 0],
						"2.0": [-32.39936, -14.02846, -20.9057],
						"3.0": [-33.73341, -21.38559, -19.63163],
						"4.0": [-11.24, -7.13, -6.54]
					}
				},
				"bone7": {
					"rotation": {
						"1.5833": [0, 0, 0],
						"2.2917": [25, 0, 17.5],
						"3.25": [25, 0, 0],
						"4.0": [0, 0, 0]
					}
				}
			}
		}
	}
}